,0,1,2
0,2020-07-29 11:10:39+00:00,"COVID-19 UPDATE 29/07/2020 5,259 samples tested in the past 24 hours 289,759 samples tested so far 544 new positive cases today Total confirmed cases stand at 19,125 113 recoveries today Total discharged and recovered stands at 8,021 12 fatalities today Total fatalities, 311 ",92
1,2020-07-22 13:21:40+00:00,"COVID-19 UPDATE 637 new positive cases today 4,275 samples tested in the past 24 hours 254,273 samples tested so far 14,805 Total confirmed cases 499 recoveries today 6,757 Total discharged and recovered 10 fatalities today 260 Total fatalities",299
2,2020-07-20 14:22:14+00:00,"COVID-19 UPDATE 418 new positive cases today 2,474 samples tested in the past 24 hours 246,361 samples tested so far 13,771 Total confirmed cases 494 recoveries today 5,616 Total discharged and recovered 4 fatalities today 238 Total fatalities",77
3,2020-07-17 15:51:19+00:00,"This are specialized doctors in internal medicine, oncology, cardiology, renal & pediatrics. With the Covid-19 cases rising, these specialist doctors will go a long way in supporting our doctors in managing the disease; CS Mutahi Kagwe. #KomeshaCorona update. ",12
4,2020-07-16 12:34:21+00:00,"COVID-19 UPDATE 3,895 samples tested in the past 24 hours 229,390 samples tested so far 421 new positive cases today Total confirmed cases stand at 11,673 570 recoveries today 3,638 Total discharged and recovered 8 fatalities today 217 Total fatalities",131
5,2020-07-14 15:44:15+00:00,"COVID-19 UPDATE 4,992 samples tested in the past 24 hours 221,234 samples tested so far 497 new positive cases today Total confirmed cases stand at 10,791 71 recoveries today 3,017 Total discharged and recovered w 5 fatalities today 202 Total fatalities",103
6,2020-07-13 13:31:39+00:00,"The C-HERP is provided through the World Bank Group Fast Track Facility, as part of a Global COVID-19 Multi-phase Program Approach (MPA). #KomeshaCorona update.",7
7,2020-07-13 13:23:55+00:00,"Today the CS for Health, Mutahi Kagwe handed over Rapid Response Vehicles to various counties, procured by the Covid-19 Health Emergency Response Project (C-HREP) at a cost of Kshs.102 million. #KomeshaCorona update ",15
8,2020-07-13 11:15:45+00:00,"COVID-19 UPDATE 1,205 samples tested in the past 24 hours 216,242 samples tested so far 189 new positive cases today Total confirmed cases stand at 10,294 65 recoveries today 2,946 Total discharged and recovered 12 fatalities today 197 Total fatalities ",87
9,2020-07-11 11:29:09+00:00,"COVID-19 UPDATE 1,403 samples tested in the past 24 hours 207,987 samples tested so far 278 new positive cases 9,726 Total confirmed cases 99 recoveries today 2,832 Total discharged and recovered 3 fatalities today 184 Total fatalities #KomeshaCorona",47
10,2020-07-11 11:27:26+00:00,COVID-19 DEATHS rise to 184 after 3 succumb. #KomeshaCorona update.,14
11,2020-07-10 15:53:20+00:00,"@MOH_Kenya CS Mutahi Kagwe, today visited @KEMRI_Wellcome one of the accredited CoVid-19 laboratories in Kilifi. #KomeshaCorona update. ",25
12,2020-07-08 10:12:02+00:00,"COVID-19 UPDATE 3,053 samples tested in the past 24 hours 196508 samples tested so far 278 new positive cases today 8,528 Total confirmed cases 89 recoveries today 2,593 Total discharged and recovered 2 fatalities today 169 Total fatalities #KomeshaCorona",70
13,2020-07-08 09:54:32+00:00,"We are now dealing with a virus that is well established at the community level. All counties, except 5, have reported cases of COVID-19. #KomeshaCorona update.",15
14,2020-07-07 14:30:30+00:00,"We have a choice as individuals; Do I enter a crowded place, knowing I can get Covid-19? Do I enter a crowded market place? Do I enter a crowded bus or matatu? Do I visit my mother without a mask, knowing I can kill her? #KomeshaCorona update.",43
15,2020-07-07 12:54:37+00:00,Current protocol on air travel: Before you board a plane there must be confirmation that you are Covid-19 negative; CS Health Mutahi Kagwe. #KomeshaCorona update.,67
16,2020-07-07 12:47:46+00:00,"COVID-19 UPDATE 2,061 samples tested in the past 24 hours 193,455 samples tested so far 183 new positive cases today 8,250 Total confirmed cases 90 recoveries today 2,504 Total discharged &amp; recovered 3 fatalities today 167 Total fatalities #KomeshaCorona",59
17,2020-07-05 13:19:28+00:00,"COVID-19 UPDATE 4,228 samples tested in the past 24 hours 189, 263 samples tested so far 309 new positive cases today 7,886 Total confirmed cases 51 recoveries today 2,287 Total discharged &amp; recovered 1 fatality today 160 Total fatalities #KomeshaCorona",90
18,2020-07-03 13:01:29+00:00,So far six patients nursing cancer have succumbed to COVID-19. #KomeshaCorona update. ,13
19,2020-07-02 14:33:29+00:00,"The COVID-19 pandemic has exposed the vulnerability of the people living with NCDs. @MOH_Kenya in collaboration with County Governments, has put up measures to ensure that NCD clinics remain operational during this period, Dr. Rashid Aman. #KomeshaCorona update. ",13
20,2020-07-02 12:46:10+00:00,"Majority of the people who have succumbed to COVID-19, had underlying disease conditions, such as diabetes and hypertension. These are Non-Communicable Diseases (NCDs), whose burden to the health system is on the rise. #KomeshaCorona update",17
21,2020-06-30 14:22:20+00:00,"We have observed that COVID-19 disease can be severe in people with other underlying conditions. Some of these comorbidities, such as diabetes, cancer, TB, hypertension, HIV, have been part of the overall health promotion strategy of @MOH_Kenya ; #KomeshaCorona update; Dr Rashid. ",13
22,2020-06-29 14:30:23+00:00,"Today @MOH_Kenya CAS, Dr. Rashid Aman received donations from @UNFPAKen &amp; @KenyaRedCross towards the national response to the COVID-19 pandemic. #KomeshaCorona update. ",24
23,2020-06-29 14:09:05+00:00,@MOH_Kenya through @KEMRI_Kenya has been the lead on all local &amp; international collaborative Covid-19 researches. #KomeshaCorona update. ,9
24,2020-06-29 13:59:44+00:00,"In the area of research, there has been accelerated efforts by our scientists & public health professionals to develop diagnostics, therapeutics & vaccines for Covid-19, to enhance the current level of knowledge about the virus. #KomeshaCorona update.",11
25,2020-06-29 13:51:08+00:00,"These numbers show that it is only a matter of time before all the counties record a COVID-19 case. Let us not panic but rather strictly adhere to the containment measures, to prevent widespread infections within the counties. #KomeshaCorona update. ",13
26,2020-06-29 13:45:13+00:00,"These same counties have the highest attack rates of COVID-19, at 119.6 and 68.9 per 100,000 population respectively, when compared to 12.8 per 100,000 for the whole country. #KomeshaCorona update. ",11
27,2020-06-29 13:44:00+00:00,"As of yesterday, 6,070 people, had been confirmed to be positive for COVID-19. Out this, 5,538 cases are local transmissions, which accounts for 91% of the total case load, with the bulk of infections recorded in Mombasa &amp; Nairobi City Counties. #KomeshaCorona update https://twitter.com/MOH_Kenya/status/1277595909812039680",16
28,2020-06-28 19:07:28+00:00,"As of now, the responsibility of managing COVID-19 patients, has shifted to the counties &amp; they must therefore, ramp up their capacity to test, trace, &amp; treat. The Home Based Care program, that has already been rolled forms part of this strategy. #KomeshaCorona update.",12
29,2020-06-28 19:05:00+00:00,"Covid-19 infection numbers have shown a steady increase. In March, 3,419 samples were tested, &amp; 78 people turned positive. In April, 19,108, samples were tested &amp; 328 tested positive. In May, 57,527 samples were run, &amp; 1,615 tested positive. #KomeshaCorona update.",23
30,2020-06-27 12:50:52+00:00,"Today, we have 278 people testing positive of Covid-19 from 4,074 samples that were run in the last 24 hours. This now brings 5,811 the total number of confirmed cases in the country, from a cumulative figure of 162, 478 tests done so far. #KomeshaCorona update",147
31,2020-06-26 12:46:20+00:00,"Today we have 149 positive cases of Covid-19 from a sample of 3,090 tested in the last 24 hours. #KomeshaCorona update by CAS Health, Dr Rashid Aman. ",61
32,2020-06-26 07:41:38+00:00,@MOH_Kenya CAS Dr. Rashid Aman received the Covid - 19 testing booth donated by Prosel Limited towards coronavirus prevention. #KomeshaCorona update. ,11
33,2020-06-26 07:31:13+00:00,"CAS Health, Dr. Rashid Aman today received a donation of 35,000 surgical masks from AstraZeneca to support COVID-19 responses. Izusu East Africa also donated two bus to ferry healthcare workers at KU Hospital and Mbagathi Isolation centre #KomeshaCorona update. ",27
34,2020-06-26 07:14:59+00:00,"We are handling 183 CoVid-19 positives. We are one of PCR testing centers. We have no shortage of PPEs not reagents and health personnel.; Dr. John Masasabi, CEO, Kenyatta University Teaching and Referral Hospital. #KomeshaCorona update. ",9
35,2020-06-25 14:21:26+00:00,"The COVID-19 tracking application is used for supporting contact tracing, and by the Rapid Response Teams to capture the data for suspected cases. #KomeshaCorona update. ",7
36,2020-06-25 14:15:03+00:00,"In addition, the @MoICTKenya has set up an advisory team, which is currently receiving all proposals on COVID-19 from Kenyan innovators, on ICT solutions on health and other fields; @MoICTKenya CS @mucheru #KomeshaCorona update. ",7
37,2020-06-25 14:12:39+00:00,"@MOH_Kenya has also adopted the use of mobile &amp; web based applications for data collection &amp; reporting, to monitor and respond to the COVID 19 Pandemic. #KomeshaCorona update.",6
38,2020-06-25 14:11:21+00:00,"In addition, @MoICTKenya and Mol-I, has set up teleconferencing facilities across the country, to enable weekly webinars for knowledge sharing on COVID-19 case management nationally, regionally and globally. #KomeshaCorona update. ",7
39,2020-06-25 14:08:36+00:00,"Working in close collaboration with our partners WHO, ESRI & the Palladium Group, @MOH_Kenya documented our user requirements for Covid-19 digital solution, designed a prototype, tested &amp; finally released a Kenya EMR-Web based system. #KomeshaCorona update.",10
40,2020-06-24 19:47:33+00:00,"Mombasa & Nairobi City Counties have the highest infection rate of COVID-19 at 107.9 &amp; 55.2 per 100,000 population respectively, as compared to 10.4 per 100,000 for the whole country. #KomeshaCorona update.",27
41,2020-06-24 15:36:04+00:00,"Eligible patients for the home based program must be assessed by a healthcare worker, be confirmed as COVID-19 positive, and also be asymptomatic, or with mild symptoms of the virus. Such patients should be free of any underlying conditions. #KomeshaCorona update.",13
42,2020-06-24 15:33:58+00:00,"The focus of the home based training is to build capacity at household's level to take care of COVID-19 patients at home. The course covers eligibility, feasibility and procedures of the program, with eventual monitoring and evaluation. #KomeshaCorona update.",4
43,2020-06-24 15:30:55+00:00,"Asymptomatic patients put on the home based program, will be discharged at least 14 days from the date of their first COVID-19 test, a period during which they should not have symptoms. #KomeshaCorona update.",22
44,2020-06-21 13:25:59+00:00,"Use of technology has increased because of Covid-19 pandemic. We are working with the internet providers to ensure young people are protected; @MoICTKenya Cabinet Secretary, @mucheru #KomeshaCorona update.",14
45,2020-06-21 13:20:09+00:00,"It is evident that Covid-19 will be with us longer &amp; it will stretch our healthcare system, it is now our personal responsibility to ensure we observe the containment measures to fight the disease #KomeshaCorona update.",26
46,2020-06-21 12:56:48+00:00,"Now happening COVID-19 update briefing by CS Health, Sen. Mutahi Kagwe. Today we are marking 100 days since the first case was confirmed in Kenya. The disease is now affecting 40 counties to date. #KomeshaCorona",21
47,2020-06-20 14:51:40+00:00,"The COVID-19 pandemic has enormous health, socioeconomic &amp; psychological impact on the population, because of the morbidity &amp; mortality it causes &amp; socio-economic distress. #KomeshaCorona update ",10
48,2020-06-19 13:24:57+00:00,"Persons Living with Sickle Cell Disease should therefore, strictly observe the precautionary preventive measures for COVID-19. #KomeshaCorona update. ",6
49,2020-06-19 13:22:49+00:00,"Persons Living with Sickle Cell Disease (PLWSCD), are at a higher risk of getting infected with COVID-19, and more likely to get severe illness if they get infected. This is due to their impaired immunity resulting from blood disorder; Dr Rashid Aman, #KomeshaCorona Update ",22
50,2020-06-19 12:24:54+00:00,"Today we have recorded 117 cases of COVID-19, from 3,043 samples tested in the last 24 hours. #KomeshaCorona update by CAS, Dr Rashid Aman",97
51,2020-06-18 13:30:24+00:00,"COVID-19 UPDATE 6,024 Samples tested in the last 24 hours 130, 498 Samples tested so far 213 new positive cases today 4,257 total confirmed cases 106 recoveries today 1459 total recoveries so far 10 fatalities today 117 total fatalities #KomeshaCorona",223
52,2020-06-18 13:13:47+00:00,"Today we have tested 6,024 samples out of which, 213 people tested positive of COVID-19. #KomeshaCorona update.",367
53,2020-06-17 12:38:14+00:00,"Today, we have recorded the highest number of cases of COVID-19 at 184. The numbers are rising because of community transmission; Dr Rashid Aman, CAS Health. #KomeshaCorona update.",248
54,2020-06-15 12:10:24+00:00,"COVID-19 UPDATE 3,365 samples tested in the past 24 hours 118,701 samples tested so far 133 new positive cases today 3,727 Total confirmed cases 33 recoveries today 1,286 Total discharged and recovered 1 fatalities today 104 Total fatalities #KomeshaCorona",147
55,2020-06-14 12:12:37+00:00,"Cutting the cycle of COVID-19 transmission, cannot be won by Government alone, without the involvement of the people. Success will depend on the level of involvement of the people; CS Health Mutahi Kagwe. #KomeshaCorona update.",27
56,2020-06-13 14:58:15+00:00,We are appealing to all the truck drivers to strictly adhere to the protocols already issued. All cross border truck drivers must ensure they get tested at least 48 hours before they commence their journey and acquire a valid COVID-19 free certificate. #KomeshaCorona update ,17
57,2020-06-13 14:54:46+00:00,A lot of work has been done to upscale the county-level preparedness. Most of them now have dedicated isolation and treatment centres for Covid-19. #KomeshaCorona update.,4
58,2020-06-12 13:25:40+00:00,"COVID-19 UPDATE 2,419 samples tested in the past 24 hrs 108,666 samples tested so far 90 new positive cases today 3,305 Total confirmed cases 72 new recoveries today 1,164 Total discharged &amp; recovered 4 fatalities today 96 Total fatalities #KomeshaCorona",62
59,2020-06-11 14:33:05+00:00,"Tomorrow, Friday 12th June 2020, we bring you a Free citizen Webinar on COVID-19 Burial Stigma &amp; psychosocial issues at 11 - 1.00PM. #KomeshaCorona update. ",13
60,2020-06-11 14:15:43+00:00,"As part of the ongoing Covid-19 response efforts, our community health partner @Living_Goods this week dispatched more than 300,000 IEC materials to assist in public awareness in several counties #KomeshaCorona update. ",16
61,2020-06-11 13:25:37+00:00,"Today, we have discharged 44 patients who have recovered from COVID-19, bringing our tally of recoveries to 1,092. We thank all our healthcare workers for their dedication &amp; commitment that has made this possible. #KomeshaCorona update. ",23
62,2020-06-11 11:19:49+00:00,"Proper hand hygiene practices are especially critical in controlling viral infections, like COVID-19. Handwashing with soap can literally wash viruses away. #KomeshaCorona update. ",30
63,2020-06-10 15:05:17+00:00,Learn more about the home based isolation and care guidelines for patients with COVID-19 https://www.health.go.ke/wp-content/uploads/2020/06/Home-Based-Isolation.pdf #KomeshaCorona update.,44
64,2020-06-10 14:44:16+00:00,"All stakeholders involved in the care of COVID-19 patients, should adhere to these guidelines, &amp; ensure its cascaded to all informal caregivers of these patients, to ensure delivery of quality services to our citizens. #KomeshaCorona update. ",7
65,2020-06-10 14:40:58+00:00,"@MOH_Kenya appeals to non-governmental organizations, and other well-wishers to partner with us in this fight against COVID-19. #KomeshaCorona update.",14
66,2020-06-10 14:25:23+00:00,The home based care protocol has been developed to provide a solution in the management of the increasing numbers & the anticipated surge in the COVID-19 cases. #KomeshaCorona update.,12
67,2020-06-10 13:31:45+00:00,"Due to our rising numbers of Covid-19 cases, it is increasingly becoming untenable to isolate all patients in our health facilities for management &amp; treatment. #KomeshaCorona update.",51
68,2020-06-09 14:47:50+00:00,"Always remember that, it is the virus which is the enemy, not people with Covid-19, or those affected by Covid-19. We must therefore care for each other, hold each other’s hand, walk together in this fight, until all of us are free. #KomeshaCorona update. https://twitter.com/MOH_Kenya/status/1270366263194288128",16
69,2020-06-09 14:17:26+00:00,"We are now into the 12th week, since the WHO declared COVID-19 a global pandemic. Since we reported our first case in mid-March, our infection numbers have been swelling, &amp; we are now almost hitting the 3000 mark; Dr Aman. #KomeshaCorona update. ",12
70,2020-06-09 13:02:34+00:00,"COVID-19 UPDATE 2,247 samples tested in the past 24 hours 100,683 samples tested so far 127 new positive cases today 2,989 Total confirmed cases 24 new recoveries 873 Total discharged and recovered 3 fatality today 88 Total fatalities #KomeshaCorona",79
71,2020-06-08 19:11:32+00:00,"Distribution of sanitizers, water safety chemicals & masks in Tigania West to support community activities on COVID-19. #KomeshaCorona update. ",13
72,2020-06-08 13:08:16+00:00,"COVID-19 UPDATE 1,096 samples tested in the past 24 hours 98,439 samples tested so far 95 new positive cases today 2, 872 Total confirmed cases 97 new recoveries today 849 Total discharged and recovered 1 fatality today 85 Total fatalities #KomeshaCorona",161
73,2020-06-07 13:39:51+00:00,"COVID-19 UPDATE 2,833 samples tested in the past 24 hours 97,340 samples tested so far 167 new positive cases today 2,767 Total confirmed cases 46 new recoveries today 752 Total discharged &amp; recovered 1 fatalities today 84 Total fatalities #KomeshaCorona",70
74,2020-06-06 15:24:34+00:00,"Today, 6th June, 2020, the country registered the highest number of recoveries. In the last 24 hours, 63 people have been discharged from hospital, after recovering from Covid-19. #KomeshaCorona update.",67
75,2020-06-05 14:44:42+00:00,Physical distancing means limiting close contact with others. When outside of your home practicing social distancing by keeping two meters away from one another is something we all can do to help stop the spread of COVID-19. #KomeshaCorona update. ,17
76,2020-06-05 14:34:55+00:00,"I want to appeal to the Counties to move with speed & utilize the Ksh 5 billion that has already been disbursed to them, to upgrade their health facilities in readiness to manage COVID-19 cases. #KomeshaCorona update. ",18
77,2020-06-05 14:32:20+00:00,"An intiative has been started in Mombasa to assist the mentally disabled to be tested for Covid-19. We thank Mama Amina Abdallah, the chairperson of Mombasa Women Empowerment Network for this act of humanity. #KomeshaCorona update.",17
78,2020-06-05 12:40:25+00:00,"COVID-19 UPDATE 3,177 samples tested in the past 24 hours 90,875 samples tested so far 134 new positive cases today 2,474 Total confirmed cases 51 new recoveries today 643 Total discharged and recovered 1 fatality today 79 Total fatalities #KomeshaCorona",120
79,2020-06-04 20:40:55+00:00,Mbagathi Hospital pharmacy department ready to serve clients whilst maintaining precautionary measures against COVID-19. #KomeshaCorona update. ,16
80,2020-06-04 15:21:17+00:00,"COVID-19 UPDATE 87,698 samples tested so far 2,640 samples tested in the last 24 hours 124 new positive cases today 2,340 Total confirmed 39 new recoveries today 592 Total discharged &amp; recovered. 4 fatalities today 78 Total fatalities #KomeshaCorona",48
81,2020-06-04 15:08:28+00:00,"All truck drivers must take a COVID-19 test, at least 48 hours before embarking on their journey, and acquire a COVID-19 free certificate; CS Kagwe. #KomeshaCorona update. ",6
82,2020-06-04 14:40:28+00:00,"To deal with the Covid-19 pandemic, the Government has disbursed a conditional grant of Kshs. 5 billion to all our 47 counties. This is aimed at bolstering the level of readiness in our health facilities; CS Kagwe. #KomeshaCorona update. ",15
83,2020-06-04 14:27:25+00:00,"I would like to emphasize the importance of Immunization & its linkage to Universal Health Coverage. I am appealing to mothers to ensure children are immunized, even as we grapple with the COVID-19 Pandemic; CS Mutahi Kagwe. #KomeshaCorona update. ",13
84,2020-06-04 14:22:07+00:00,"Lessons out of the Covid-19 pandemic have taught us the need for self reliance, especially in the manufacturing of goods &amp; services. This is achievable! CS, Mutahi Kagwe. #KomeshaCorona update. ",10
85,2020-06-04 14:21:00+00:00,The H.E. will also engage on the importance of accelarating local manufacturing of vaccines & access to a future Covid-19 vaccine. #KomeshaCorona update.,7
86,2020-06-04 12:54:28+00:00,"Elgeyo Marakwet becomes the latest county to report a COVID-19 case, bringing the total number of counties that have been affected to 36. #KomeshaCorona update.",18
87,2020-06-03 13:44:25+00:00,"COVID-19 UPDATE 2,112 samples tested in the past 24 hours 85,058 samples tested so far 123 new positive cases today 2,216 Total confirmed cases 54 new recoveries today 553 total discharges so far 3 fatalities today 74 Total fatalities #KomeshaCorona",113
88,2020-06-01 11:32:52+00:00,"Regarding COVID-19, We have reduced taxes to enhance affordability of all products by reducing VAT from 16% to 14%, &amp; increased the earnings &amp; purchasing power of all employees by reducing PAYE... President Uhuru Kenyatta #MadarakaDay #KomeshaCorona update.",15
89,2020-05-31 17:48:39+00:00,"COVID-19 UPDATE 1,574 samples tested in the past 24 78,536 samples tested so far 74 new positive cases today Total confirmed cases stand at 1,962 14 new recoveries today Cumulative discharged 474 1 fatality today Total fatalities stand at 64 #KomeshaCorona",43
90,2020-05-30 14:55:44+00:00,"The Covid-19 disease has had unprecedented impact on health, social &amp; economic activities all over the world. No single country can claim to have been spared from the impact of this virus which has disrupted learning &amp; suspension of international flights. #KomeshaCorona update ",12
91,2020-05-30 14:44:39+00:00,"We are glad to announce that today we have discharged 26 patients from various hospitals, who have fully recovered from COVID-19. This now brings our total tally to 464. #KomeshaCorona update. ",33
92,2020-05-29 13:10:14+00:00,"COVID-19 UPDATE 3,831 samples tested in the past 24 hours 74,003 samples tested so far 127 new positive cases today Total confirmed cases stand at 1,745 17 new recoveries today 438 Total discharged and recovered 4 fatalities today 62 Total fatalities ",185
93,2020-05-28 14:46:58+00:00,"At the community Level, 1,171 out of 1,200 healthcare workers have been sensitized on UHC, which includes COVID -19. All this is to boost the County’s health work force. #KomeshaCorona update. ",17
94,2020-05-28 13:11:51+00:00,"Nyeri, Embu & Murang’a, are the latest Counties to record COVID-19 cases. This brings to 32 the number of Counties so far affected. All the 147 cases are Kenyans, 87 are males and 60 females. #KomeshaCorona update.",37
95,2020-05-27 14:14:55+00:00,"It means, hu ugonjwa uko mtaani na hakuna mmoja wetu ambaye yuko salama. Awe ni mama mboga au tajiri, and therefore no one should have a false sense of security about their immunity to COVID-19; CS Health, Mutahi Kagwe. #KomeshaCorona update.",27
96,2020-05-27 14:04:02+00:00,"Today, we have; 590 Covid-19 positive patients admitted in 35 various hospitals across the country. 7 are in critical condition, 4 are on ventilatory support 3 are on supplemental oxygen. #KomeshaCorona update.",50
97,2020-05-27 13:16:12+00:00,"COVID-19 UPDATE 3,077 samples tested in the past 24 hours 67,341 samples tested so far 123 new positive cases 1, 471 Total confirmed cases 3 recoveries today 408 Total discharged and recovered. 3 fatalities today 55 Total fatalities #KomeshaCorona update. ",135
98,2020-05-27 12:17:44+00:00,Today we have tested 3077 samples 123 people have tested positive of COVID-19 Nairobi is leading with 85 cases and Mombasa has 24 cases among others. #KomeshaCorona update.,338
99,2020-05-26 13:49:09+00:00,"Community deaths associated with COVID-19 have reduced, which means the level of awareness has increased; Ag. DG @DrPatrickAmoth. #KomeshaCorona update.",30
100,2020-05-26 13:19:31+00:00,"COVID-19 UPDATE 2,293 samples tested in the past 24 hours Total samples tested so far 64,264 62 new positive cases today 1,348 Total confirmed cases 3 recoveries today 405 Total discharged and recovered 52 Total fatalities so far #KomeshaCorona",135
101,2020-05-26 13:17:29+00:00,Our transport corridor is important to the prevention of COVID-19 especially the border points; CS Transport James Macharia. #KomeshaCorona update.,11
102,2020-05-26 13:13:16+00:00,"#KomeshaCorona update by CAS, Dr. Rashid Aman. Testing, quarantine and isolation is free. Come out and be tested . Don’t fear. Today, 62 people have tested positive of COVID-19, 59 are Kenyans and the rest foreigners.",90
103,2020-05-25 19:05:08+00:00,"Since the Covid 19 campaign started , the country had only two testing laboratories but now there are over 20 facilities strategically located in critical areas across the country. #KomeshaCorona update.",28
104,2020-05-25 14:42:49+00:00,"The Ministry of Health has developed several nutrition guidelines in response to Covid-19, all of which are available in the Ministry's website http://www.health.go.ke #KomeshaCorona update.",14
105,2020-05-25 14:38:23+00:00,"During this time of Covid-19, we want to emphasize the importance of a healthy diet in strengthening our body immune systems, to fight diseases &amp; to speed up recovery. #KomeshaCorona update.",17
106,2020-05-25 13:43:49+00:00,Development of a COVID-19 vaccine is a process to ensure its safety and efficacy; Ag DG @DrPatrickAmoth. #KomeshaCorona update.,13
107,2020-05-25 13:36:24+00:00,"COVID-19 UPDATE 2,711 samples tested in the past 24 hours 61,971 total samples tested so far 72 new positive cases today 1,286 total confirmed cases 9 recoveries today 402 total discharged &amp; recovered 1 fatalities today 52 total fatalities #KomeshaCorona",132
108,2020-05-25 13:29:22+00:00,"#KomeshaCorona update by Health CAS, Dr. Mercy Mwangangi. Containment measures are necessary to deal with coronavirus. Today we have 72 positive cases of COVID-19. Nairobi county has the highest with 52.",142
109,2020-05-24 16:57:29+00:00,Although most patients who jetted in from India had COVID-19 negative certificates. They were advised to quarantine under their caregivers; Ag. Director of Public Health Dr. Col. Francis Kuria. #KomeshaCorona update. ,12
110,2020-05-24 13:01:50+00:00,COVID-19 UPDATE #KomeshaCorona,22
111,2020-05-22 15:45:22+00:00,"Kakamega Governor, Wycliffe Oparanya today received handwashing stations, soap & over 50,000 IEC materials from community health partner @Living_Goods in support of COVID-19 response. #KomeshaCorona update. ",11
112,2020-05-21 15:12:14+00:00,"We are advising all Government officials at all Points of Entry, such as customs, port health, security, immigration officers among others to take COVID-19 test. This is because they are at the frontline &amp; vulnerable to contracting the infection. #KomeshaCorona update.",16
113,2020-05-21 08:26:19+00:00,Fumigation exercise at Afya House car park as a mitigation measure of containing the spread of the COVID-19. #KomeshaCorona update ,21
114,2020-05-20 14:51:29+00:00,The mobile labs are equipped with modern equipment such as PCR and ELISA machines that are able to diagnose most pathogens causing communicable diseases such as Ebola and COVID 19. #KomeshaCorona update. ,7
115,2020-05-19 18:49:26+00:00, 76% of the COVID-19 fatalities cases are men compared to 24% women. The most affected age-group is 60 and above most deaths occurred in Mombasa county followed by Nairobi. #KomeshaCorona update ,31
116,2020-05-19 18:38:26+00:00,The goal of travel restrictions was to slow the spread of COVID-19. #KomeshaCorona update. ,14
117,2020-05-19 15:02:24+00:00," Kenya has 963 confirmed COVID-19 cases. Uganda 227 Somalia 1,421 South Africa US 1.49 million #KomeshaCorona update ",15
118,2020-05-19 14:48:15+00:00,"As of May 18, 2020 there are, 4,618,821 Confirmed cases of COVID - 19 globally with 311,847 related deaths. #KomeshaCorona update. ",17
119,2020-05-19 14:40:03+00:00,"We are committed to fighting this pandemic before it overruns our system; CS Health Mutahi Kagwe, COVID -19 situation report. #KomeshaCorona update. ",16
120,2020-05-19 13:11:47+00:00,COVID-19 is not an MOH issue but a coordination of the whole government approach. Our focus is on: Targeted testing Increasing lab capacity Travel restrictions Psychosocial support Establishment of functional quarantine @isolation facilities . #KomeshaCorona update,31
121,2020-05-19 10:57:10+00:00,Here are tips and advise on how to cope with stress during COVID-19 outbreak. #KomeshaCorona update ,34
122,2020-05-18 14:26:54+00:00,"We thank all individuals & organizations who have lent us support in this fight especially faith based health facilities that have been offering healthcare to our people, both COVID-19 and non-COVID-19 services. #KomeshaCorona update; Dr Rashid Aman, CAS Health. ",6
123,2020-05-18 13:09:09+00:00,"We have capacity at our border points especially in Busia to test quickly and turn around the results for COVID-19 in good time. We are engaging EAC to avail a lab at Namanga to improve the turn around time as well. #KomeshaCorona update, CAS Dr. Rashid Aman.",18
124,2020-05-18 13:00:45+00:00,"COVID-19 UPDATE 1, 139 samples tested in the past 24 hours 44, 851 total samples tested so far. 25 new positive cases today Total confirmed cases 912 23 recoveries today Total discharged &amp; recovered stands at 336 Total fatalities remain at 50 #KomeshaCorona",83
125,2020-05-17 11:55:31+00:00,People who have high blood pressure have a risk of developing complications if they get infected with COVID-19. Stay at home &amp; stock the medicines that you can use for at least one month. #WorldHypertensionDay #KomeshaCorona update.,35
126,2020-05-16 14:05:25+00:00,"Today, globally, COVID-19 has claimed over 300,000 innocent lives as of this morning from 4.7 million infections. #KomeshaCorona update.",17
127,2020-05-16 12:43:38+00:00,COVID-19 UPDATE 49 new positive cases today Total confirmed cases stand at 830 17 new recoveries today Total discharged and recovered stands at 301 5 new fatalities today Total fatalities stand at 50 #KomeshaCorona,184
128,2020-05-16 12:29:51+00:00,COVID-19 deaths have risen to 50 after the death of 5 more patients; President Uhuru Kenyatta. #KomeshaCorona update.,40
129,2020-05-16 12:26:15+00:00,President Uhuru Kenyatta extends Nationwide dusk to dawn curfew by 21 days in a bid to fight Covid-19 spread. #KomeshaCorona update,153
130,2020-05-15 14:49:21+00:00,"Today residents of Eastleigh South Kamukunji Constituency turned up at Biafra Medical clinic for free COVID-19 targeted testing, in all ages including children accompanied by their guardians. #KomeshaCorona update. ",39
131,2020-05-15 13:42:03+00:00,COVID-19 UPDATE ,47
132,2020-05-15 09:15:20+00:00,Mass testing for COVID -19 at Biafra Medical centre began this morning targeting 1200 for today. The exercise is essential for trackimg down cases with symptoms; identifying their household cluster &amp; tracking people they have contacted &amp; quarantining them. #KomeshaCorona update. ,29
133,2020-05-14 19:03:12+00:00,"@MOH_Kenya Chief Administrative Secretary, Dr. Rashid Aman today received a donation of product care packages &amp; Personal Protective Equipment from Proctor &amp; Gamble to boost the fight against COVID-19 pandemic. #KomeshaCorona update. ",5
134,2020-05-14 13:48:36+00:00,"Today, we have discharged 3 people from hospital. This now brings to 284 the total number of recoveries from Covid-19. We thank our healthcare workers for this achievement. #KomeshaCorona update. ",19
135,2020-05-14 13:16:07+00:00,We want to thank all Kenyans for the cooperation & continued support offered to us in this fight against the Covid-19 disease; @DrMercyHealth. #KomeshaCorona update. ,12
136,2020-05-14 08:30:38+00:00,"Committing to sustaining immunization systems, Kitui county is sensitizing religious leaders in all sub-counties in the context of COVID-19 pandemic courtesy of KANCO. #KomeshaCorona update. ",5
137,2020-05-14 05:51:29+00:00,Public Health Information Officers engage the communities on COVID-19 in Old Town - Mombasa where movement has been restricted to contain community transmission. #KomeshaCorona update ,20
138,2020-05-13 18:35:12+00:00,"@MOH_Kenya CAS Dr. Rashid Aman receiving the donation of 5000pcs Elani hand sanitizer from Cosmetics Ltd, a hygiene &amp; personal care manufacturing company in Eldoret, to support the ministry's efforts in the ongoing COVID-19 response. #KomeshaCorona update. ",14
139,2020-05-13 14:11:24+00:00,"To effectively deal with COVID-19 pandemic, the Government has initiated several initiatives such as the National Hygiene Initiative to economically empower the youth who have been impacted negatively by the pandemic. #KomeshaCorona update.",8
140,2020-05-13 13:59:53+00:00,Today we have discharged 22 people from hospital. This now brings to 281 the total number of recoveries from Covid-19. We thank and honor our healthcare workers for dedication &amp; commitment in service delivery. #KomeshaCorona update. ,17
141,2020-05-13 13:01:31+00:00,"The Government initiated several programmes to help fight COVID-19 pandemic, one such program is the national hygiene program which has served as a source of employment for the youths. #KomeshaCorona update by CAS, Dr. Rashid Aman. ",24
142,2020-05-13 11:51:41+00:00,"@MOH_Kenya Chief Administrative Secretary, Dr. Rashid Aman receives hand sanitizers &amp; medicines worth KES 1 million from Lab &amp; Allied to help in the fight against COVID-19. #KomeshaCorona updates. ",14
143,2020-05-12 18:25:50+00:00,"Kibwezi West and East, Public Health Team has kicked off a 4 day Community awareness campaign on COVID-19. @OfficialMakueni #KomeshaCorona update. ",11
144,2020-05-12 17:41:58+00:00,"The Ministry of Foreign Affairs has donated 300,000 pairs of protective gloves, 170,000 pairs of medical shoes, 300 pieces of medical gowns and 1500 goggles to @MOH_Kenya as part of efforts to support COVID-19 response in the country. #KomeshaCorona update. ",35
145,2020-05-12 14:33:39+00:00,Our nurses have been at the front line in this fight against COVID-19 as the first point of call in our health facilities. They tremendously sacrifice every day despite the risk of contracting the virus to ensure those infected are taken care of; Dr. Aman. #KomeshaCorona update ,9
146,2020-05-12 14:26:52+00:00,"Nurses are on the frontline fighting COVID-19. On this occasion of International Day of Nurses &amp; 200th anniversary of the birth of Florence Nightingale, @MOH_Kenya joins the world to honor the nurses incredible dedication &amp; sacrifice. #KomeshaCorona update. ",17
147,2020-05-12 13:47:08+00:00,We have discharged 8 people from hospital today. This now brings to 259 the total number of recoveries from Covid-19. We thank our healthcare workers for this great work. #KomeshaCorona update. ,15
148,2020-05-12 11:38:41+00:00,"The regional leaders agreed to establish an IGAD emergency fund for the control & prevention of pandemic diseases, as well as expedite the adoption of a coordinated, whole of government approach to responding to the COVID-19 pandemic in IGAD Member States. #KomeshaCorona updates. ",6
149,2020-05-12 10:55:22+00:00,"The IGAD Secretariat staff contributed 100,000 US Dollars to Kenya’s National COVID-19 Emergency Response Fund. Similar amounts were also given to the other IGAD Member States. @igadsecretariat #KomeshaCorona updates. ",5
150,2020-05-11 20:10:29+00:00,@MOH_Kenya COVID-19 Case Management team is reviewing guidelines to make it possible for anybody admitted in the hospital to undergo the Covid-19 test as a standard procedure; Ag. Director General @DrPatrickAmoth. #KomeshaCorona updates ,7
151,2020-05-11 18:08:30+00:00,"Today, we have launched a WhatsApp BOT facility - number 0110719719, a simple self-diagnostic tool to provide information on Covid-19 as requested. We urge Kenyans to seek information from this platform. #KomeshaCorona updates. ",115
152,2020-05-11 13:59:23+00:00,We have discharged 12 people from hospital. This now brings to 251 the total number of recoveries from Covid-19. We continue to thank our healthcare workers for this great achievement. #KomeshaCorona updates. ,33
153,2020-05-11 12:44:26+00:00,COVID-19 Update by CAS Dr. Rashid Aman. Today is exactly two months since we recorded our first positive case of Coronavirus. We have advised our people to stay at home and to regularly wash their hands among other measures. #KomeshaCorona,29
154,2020-05-11 10:40:07+00:00, Call 719 for professional advice and information if you think you may have been exposed to COVID-19. #KomeshaCorona updates.,14
155,2020-05-11 06:19:00+00:00,It’s is important to update the nation on the situation and ensure the country is safe from COVID-19.,0
156,2020-05-10 14:31:16+00:00,"As we celebrate the recoveries of 32 people, the global situation still indicates that COVID-19 can very easily overwhelm healthcare systems, if containment measures are not adhered to; Dr. Rashid #KomeshaCorona updates.",18
157,2020-05-10 13:18:02+00:00,"COVID-19 UPDATE 1,056 samples tested today 23 positive cases today Total confirmed cases stand at 672 32 recoveries today Total discharged and recovered stands at 239 2 fatalities today Total fatalities stand at 32 #KomeshaCorona update ",80
158,2020-05-10 13:08:07+00:00,"We have tested 1056 samples collected from quarantine facilities & from individuals in our surveillance program. Out of these samples, 23 tested positive for Covid-19 disease. #KomeshaCorona update",72
159,2020-05-10 13:03:38+00:00,"We have registered the highest number of people who have recovered from #COVID19. Today we have discharged 32 people from hospital. This now brings to 239 the total number of recoveries from Covid-19. #KomeshaCorona update by CAS, Dr. Rashid Aman. ",45
160,2020-05-09 15:17:19+00:00,The fight COVID-19 requires collaboration with individuals &amp; organizations. Today @MOH_Kenya in partnership with @NationMediaGrp &amp; Jays Pyrotechnics will be celebrating frontline workers &amp; giving encouragement to Kenyans. #KomeshaCorona update.,8
161,2020-05-09 12:25:11+00:00,"COVID-19 UPDATE 1,611 samples tested today 21,041 total samples tested so far 28 new positive cases today Total confirmed cases stand at 649 5 recoveries today Total recovered stands at 207 1 fatalities today Total fatalities are 30 #KomeshaCorona update.",215
162,2020-05-08 18:10:48+00:00,"Sensitization of Kiambu County Community Health Volunteers from 12 Sub-Counties on COVID-19, UHC, Primary Health Care &amp; community health strategies to empower them with information to reach all households to adopt COVID-19 preventive measures. #KomeshaCorona update. ",15
163,2020-05-08 12:29:43+00:00,"COVID-19 UPDATE 922 samples tested in the past 24 hours 14 new positive cases today Total confirmed cases stand at 621 5 recoveries today Total discharged and recovered stands at 202 Total fatalities stand at 29, #KomeshaCorona update",89
164,2020-05-08 10:35:11+00:00,"Community sensitization on safe burial managment in the context of COVID-19 by Borabu Sub-county Chief in Nyamira County, to psychological prepare a family that had lost a loved at Ensinyo. #KomeshaCorona update ",9
165,2020-05-08 07:52:29+00:00,"The counties of Samburu, Lamu & Kirinyaga among others are gearing up effort to support the National COVID-19 response plan by training community health volunteers on infection &amp; control interventions against #COVID19 &amp; UHC as well. #KomeshaCorona update ",23
166,2020-05-08 07:11:10+00:00,Sensitization of Kitui central sub-county community health volunteers on COVID-19 basics to ensure households are reached and adopt #COVID19 preventive measures. #KomeshaCorona update ,11
167,2020-05-07 19:23:43+00:00,"A sensitization session for Chepsir Community Health Unit on COVID-19, Kericho County. The Community health structures can play a critical role to support active case finding in their community health units. #KomeshaCorona update ",10
168,2020-05-07 14:55:35+00:00,Today @MOH_Kenya and @WHOKenya trained frontline healthcare workers from Nairobi County on proper techniques for collecting COVID-19 specimens for testing &amp; use of Personal Protective Equipment. #KomeshaCorona update ,15
169,2020-05-07 14:14:31+00:00," 17 cases are from Nairobi, 2 from Wajir, 2 from Kajiado, 1 each from Mombasa, Migori, Isiolo and Nakuru. Isiolo is the latest County to record a Covid-19 case. 18 Counties are so far affected. #KomeshaCorona update.",44
170,2020-05-07 14:06:50+00:00,"All cross border truck drivers are required to be tested at the point of origin, and obtain a corona free certificate forty-eight hours before departure. This in line with an agreement arrived at between EAC member states on COVID-19 protocol. #KomeshaCorona update",19
171,2020-05-07 13:05:53+00:00,COVID-19 UPDATE 25 new positive cases today Total confirmed cases stand at 607 7 new recoveries today Total discharged and recovered stands at 197 3 fatalities today Total fatalities stand at 29 #KomeshaCorona,66
172,2020-05-06 12:55:29+00:00,"Truck drivers shall be tested before leaving the port and must be tested after every 14 days. They must also produce a COVID-19 certificate before they are allowed to come in and go out of our border; CS James Macharia, Ministry of Transport. #KomeshaCorona update",57
173,2020-05-06 12:48:29+00:00,"Today we have 47 confirmed cases of COVID-19 bringing the total to 581. 32 are from Mombasa, 11 from Nairobi, 2 from Mombasa, 1 from Kiambu... We have lost 2 people in Mombasa bringing the total to 26. #KomeshaCorona update by CS Health, Sen. Mutahi Kagwe. ",136
174,2020-05-05 14:48:22+00:00,"Supportive Supervision, assessment of services & Covid-19 Infection Prevention, Control &amp; Response preparedness at Pangani Dispensary by the Starehe Sub County Medical Team, in Nairobi county. #KomeshaCorona update ",7
175,2020-05-05 13:08:25+00:00,"In order for us to succeed in this war, everybody’s support and cooperation is critical. We must avoid behaviours and practices which stigmatize persons who have either contracted or even recovered from the Covid-19. #KomeshaCorona update ",18
176,2020-05-03 17:07:45+00:00,"We are reminding you that as we continue to address covid-19 pandemic, the other health services are continuing to be provided. #KomeshaCorona update",19
177,2020-05-03 15:51:21+00:00,"The current global Covid-19 disease situation: 3,018, 952 have tested positive for the virus. Out of this 207,973 have died. In Africa, the confirmed cases stand at 23,254, and fatalities are 903. #KomeshaCorona update",23
178,2020-05-02 14:20:30+00:00,Our appreciation goes to all individuals and corporates that have provided different kinds of support to the effort against COVID-19. We continue to appeal to other well-wishers to come forward and provide support. #KomeshaCorona update,12
179,2020-04-30 18:49:49+00:00,Garissa County Public Health Promotion team prepare to distribute COVID-19 posters in Garissa Township Business Premises to create awareness and keep coronavirus at bay. #KomeshaCorona update ,14
180,2020-04-29 17:15:06+00:00,#COVID-19 UPDATE 508 samples tested 10 positive cases Total confirmed cases stand at 384 5 new recoveries today Total discharged and recovered stands at 129 Fatalities 15 #KomeshaCorona #KomeshaCorona,16
181,2020-04-29 13:47:06+00:00,"While we celebrate these recoveries, we are disturbed that re-integration has not been easy for others because of being stigmatized considering our constant appeal and massive education, across many platforms, that Covid 19 is a disease like any other. #KomeshaCorona update ",5
182,2020-04-29 13:45:31+00:00,"Since we first reported our first COVID-19 case, we have recorded many recoveries of our people who have successfully been treated of coronavirus, and have been let to go home. #KomeshaCorona update",21
183,2020-04-29 12:42:30+00:00,COVID-19 UPDATE 508 samples tested 10 positive cases Total confirmed cases stand at 384 5 new recoveries today Total discharged and recovered stands at 129 Fatalities remain at 14 #KomeshaCorona update,44
184,2020-04-28 13:20:34+00:00,In our latest Covid-19 we have 11 new cases out of the 589 samples tested in the last 24 hours. Our total number of COVID-19 disease positive cases now stand at 374. #KomeshaCorona update,45
185,2020-04-28 13:14:02+00:00,"We want assure Kenyans that COVID-19 disease is treatable. With proper management and care, patients have healed and reintegrated back to society. #KomeshaCorona update. ",7
186,2020-04-27 11:33:49+00:00,"Today, we continue to register tremendous progress in terms of recoveries. In the last 24 hours, an additional 8 COVID-19 patients have been discharged from hospital, bringing to total number of recoveries to 114. #KomeshaCorona update.",10
187,2020-04-27 10:03:10+00:00,COVID-19 UPDATE 8 positive cases today Total confirmed cases stand at 363 8 recoveries today Total discharged and recovered stands at 114 #KomeshaCorona update ,56
188,2020-04-27 08:53:44+00:00,"Supportive Supervision at Loco Health Centre by the Nairobi County Health Team as part of the world Immunization week, to ensure Infection prevention control & immunisation guidelines are followed during COVID 19 Pandemic. #KomeshaCorona update ",16
189,2020-04-26 16:22:05+00:00,We call upon the County governments to make use of the guidelines on nutritional Management of COVID-19 to educate the communities on how they can boost their immunity. http://www.health.go.ke/ #KomeshaCorona update,5
190,2020-04-26 14:34:33+00:00,"The number of those who have died from COVID-19 have remained at 14. Within the same period, we have discharged 39 persons; Dr. Rashid Aman, CAS Health. #KomeshaCorona update ",14
191,2020-04-25 12:18:51+00:00,Our researches @KEMRI_Kenya are involved in research to find a vaccine for COVID-19; President Uhuru Kenyatta. #KomeshaCorona update,42
192,2020-04-25 12:11:11+00:00,"President Uhuru Kenyatta; Confirms 7 new cases of COVID-19, bringing the total number to 343. #KomeshaCorona update.",31
193,2020-04-25 11:41:24+00:00,President Uhuru Kenyatta confirms the country is now at 343 confirmed cases of Covid-19. #KomeshaCorona update ,41
194,2020-04-24 14:14:46+00:00,"The number of fatalities arising from COVID-19 diseases has remained 14 since April 18th. We are most grateful, first of all to God, the Almighty, and to the medics and health workers taking care of our patients; Dr. Rashid. #KomeshaCorona update",32
195,2020-04-24 13:17:52+00:00,"People living with non-communicable diseases conditions such as heart diseases, hypertension, diabetes, cancer, chronic respiratory disorders among others are more susceptible to contracting Covid-19 disease. #KomeshaCorona update",34
196,2020-04-24 12:26:44+00:00,COVID-19 UPDATE 946 samples tested in the past 24 hours 16738 total samples tested 16 new positive cases today Total confirmed cases stand at 336 Fatalities remain at 14 887 still being monitored #KomeshaCorona,120
197,2020-04-24 12:06:46+00:00,@kilimoKE is encouraging the youth to join the fight against COVID-19 by setting up kitchen gardens. #KomeshaCorona update.,1
198,2020-04-24 12:03:11+00:00,@kilimoKE will launch a national Campaign for Kenyans to set up kitchen gardens to improve their nutritional up-take towards fighting COVID-19. #KomeshaCorona update,2
199,2020-04-24 11:52:19+00:00,"We thank the judiciary for supporting the fight against COVID-19 - implementing social distancing and fumigation - CAS Health, Dr. Rashid Aman. #KomeshsCorona update.",18
200,2020-04-24 09:09:17+00:00,Today the disease Survillance team from the National Government and County Covid-19 Response team embarked on a targeted testing exercise at Ruaka following the recent confirmation of four positive cases at one of the apartment's in the area. #KomeshaCorona update ,19
201,2020-04-23 20:31:28+00:00,"TransNzoia County, Public Health Promotion team led by CEC Health, receives 6000 COVID - 19 posters from UNICEF and other partners to boost the campaign against the virus . #KomeshaCorona update ",5
202,2020-04-23 20:23:00+00:00,"UNICEF has handed over to the county government of Kakamega, awareness materials to ensure the community has access to timely information to fight COVID-19. #KomeshaCorona update. ",14
203,2020-04-23 14:55:31+00:00,"Studies have shown that in a small number of cases, some people have tested positive for COVID-19 from 1-3 days, before developing symptoms. #KomeshaCorona update",7
204,2020-04-23 13:48:51+00:00,COVID-19 UPDATE 668 samples tested 17 positive cases today Total confirmed cases stand at 320 6 recoveries today Total discharged and recovered stands at 89 #KomeshaCorona,76
205,2020-04-22 17:53:01+00:00,Training of Subcounty TOTs on COVID-19 at KMTC Bungoma. #KomeshaCorona update ,6
206,2020-04-21 14:24:44+00:00,"We acknowledge our mobile network providers for their contribution to the national COVID-19 campaign effort. @SafaricomPLC through its foundation, has contributed thermal cameras worth Kshs. 10 million, on top of other donations. #KomeshaCorona update",7
207,2020-04-21 13:37:46+00:00,"As of today, the global COVID-19 pandemic cases stand at 2.5 million, with 653,000 recoveries and 170,000 deaths. #KomeshaCorona update ",11
208,2020-04-20 17:24:54+00:00,"Safaricom Chief Executive Officer, Mr. Peter Ndegwa today paid a courtesy call on the Cabinet Secretary for Health, Hon. Mutahi Kagwe and explored areas of partnership in regard to COVID-19. @SafaricomPLC is currently hosting the COVID-19 call centre. #KomeshaCorona Update. ",70
209,2020-04-20 13:16:51+00:00,@ppbkenya has authorized the employment of 4 test kits for detecting the coronavirus; COBAS SAR-COVID-2 TEST KIT by Roche Diagnostics Xpert Xpress SARS-CoV-2- by Cepheid Biofire Covid-19 Test by Biofire Defence LLC Abbott by Abbot Molecular Inc #KomeshaCorona update ,7
210,2020-04-20 13:14:10+00:00,"Our regulatory body @ppbkenya is now accelerating regulatory decisions regarding approval of COVID-19 test kits by implementing stringent, expedited accreditation mechanism, which has shrunk the process from 3 months to 48 hours. #KomeshaCorona update by CS Health, Mutahi Kagwe. ",7
211,2020-04-20 12:12:28+00:00,"11 more persons have tested positive of COVID-19 bringing the total number to 281. 5 are females and 6 are males. Two patients have recovered, one of them a doctor. #KomeshaCorona update . ",36
212,2020-04-20 12:06:41+00:00,We have trained over 1000 police officers on COVID-19; CS; Kagwe. #KomeshaCorona update,16
213,2020-04-19 15:40:42+00:00,"Our partner @kilimoKE is finalizing guidelines to embed nutrition security in the COVID-19 national response, namely the food preservation guidelines, kitchen gardens toolkits, recipes for healthy snacks &amp; guidelines to maintain healthy diets among others. #KomeshaCorona update",15
214,2020-04-19 15:01:35+00:00,"In combating Coronavirus the government has expanded testing capabilities across the country. Moi Teaching & Referral Hospital in Eldoret & Kenyatta National Hospital, are now testing for COVID-19 disease. #KomeshaCorona update ",17
215,2020-04-19 13:48:24+00:00,COVID-19 UPDATE 1330 samples tested 8 positive cases today 270 total positive cases 7 new recoveries 67 total recoveries 2 fatalities today 14 fatalities in total #KomeshaCorona update. ,154
216,2020-04-19 13:43:24+00:00,"@MTRHofficial and @KNH_hospital have began testing for COVID-19; CAS Health, Mercy Mwangangi #KomeshaCorona update ",2
217,2020-04-18 13:21:55+00:00,"Nairobi County has detected, isolated and hosted 73 percent of the COVID-19 cases in the country, followed by Mombasa, Kilifi and Mandera. #KomeshaCorona update",13
218,2020-04-17 12:11:58+00:00,"PATH is currently reaching out to vulnerable Adolescent Girls & Young Women, in 51 wards covering the counties of Kisumu, HomaBay & Migori in partnership with @MOH_Kenya @PoliceKE to provide COVID-19 basic information on curfew, social distance, handwash #KomeshaCorona update ",34
219,2020-04-17 10:11:27+00:00,KMTC Makueni Campus in partnership with the county health promotion unit have launched a 14 day COVID-19 health education and promotion campaign to arrest the potential spread of coronavirus disease within the community. #KomeshaCorona update ,17
220,2020-04-17 05:54:19+00:00,Today at 1.00pm tune to Horizon TV for an update on Covid -19 with Dr. Salim Hussein from @MOH_Kenya on board. #KomeshaCorona,31
221,2020-04-16 19:40:33+00:00,Children living with disability are asking us to remember & support them always even during this hard time of COVID-19. Let us support them and show them love #KomeshaCorona update ,63
222,2020-04-16 19:04:00+00:00,"Covid-19 is a contagious disease and we must all adhere to the guidelines the government has issued, PS Health @susan_mochache @citizentvkenya live show with @YvonneOkwara #KomeshaCorona update. ",7
223,2020-04-16 18:37:09+00:00,"KMTC-Bungoma has not been left behind in the COVID-19 fight, from community sensitization to providing handwashing facilities, sanitizers and soap #KomesaCorona update. ",6
224,2020-04-16 18:21:40+00:00,Tune in to @citizentvkenya at 9pm for the latest update on COVID-19 by PS @susan_mochache with @YvonneOkwara #KomeshaCorona update ,5
225,2020-04-16 18:03:30+00:00,President Uhuru Kenyatta; Moving forward we are working towards formulating Kenya’s Post Covid-19 Economic Recovery Plan. #KomeshaCorona update,23
226,2020-04-16 17:49:49+00:00,"The National Government will support the Counties response to the Covid -19 crisis with KES 5b to supplement the savings that the Counties have generated. The monies will specifically be devoted to cushion the most vulnerable people, &amp; healthcare workers. #KomeshaCorona update",9
227,2020-04-16 16:09:15+00:00,"Donations such as food and non-cash items, shall be channeled through the Kenya COVID-19 Emergency Response Fund, to ensure they are distributed in a safe &amp; responsive manner. President Uhuru Kenyatta. No #KomeshaCorona update",19
228,2020-04-16 15:56:11+00:00,Other universities & technical institutions are also making remarkable progress in the local manufacture of medical technologies & equipment in support of medical & public health needs that have arisen from COVID-19. #KomeshaCorona update ,11
229,2020-04-16 09:04:45+00:00,Happening now! Awareness creation on COVID-19 in the community at Juja Sub-county by Covid 19 response team. #KomeshaCorona update ,16
230,2020-04-15 19:35:11+00:00,COVID-19 posters printed by USAID/MSP have been delivered to various counties to enhance awareness to prevent the spread of the virus #KomeshaCorona update. ,30
231,2020-04-15 19:08:37+00:00,"Getting ready for specimen collection of Nasal & Oral pharyngeal swabs for laboratory testing of Corona virus (COVID-19), MASS TESTING OF HEALTH CARE PROFESSIONALS. Together let's take precaution to flatten the curve in our beloved country. #KomeshaCorona update ",17
232,2020-04-15 11:50:29+00:00,COVID-19 UPDATE Over 800 samples tested 9 new cases today 225 total confirmed cases #KomeshaCorona,161
233,2020-04-15 11:14:19+00:00,"Kisumu County Health Promotion Officers in partnership with Lake Victoria KMTC staff flag off COVID-19 public address system, awareness campaign in Kisumu Central Sub-County. #KomeshaCorona update ",12
234,2020-04-14 13:17:14+00:00,"Kenya is beginning a crucial phase in our battle against COVID-19 pandemic. We are witnessing a phenomenon where the virus is increasingly moving to the counties; Dr. Mercy Mwangangi, CAS Health. #KomeshaCorona update ",77
235,2020-04-14 11:49:13+00:00,We are working on local production of quality Personal Protective Equipment (PPE) with @kmpdu @KmpdcOfficial @KEBS_ke and @nnakenya to protect health workers from potential exposure to Covid-19. #KomeshaCorona update ,20
236,2020-04-13 14:15:07+00:00,Covid-19 update: Mass testing has started. We can now test up to 1000 per day; CS Mutahi. #KomeshaCorona,187
237,2020-04-13 14:12:50+00:00,"We acknowledge the hotels that have expressed their willingness to support CoVid-19 interventions by providing food support to 2,000 healthcare workers through the Ministry of Tourism. #KomeshaCorona update ",28
238,2020-04-13 13:57:28+00:00,COVID-19 UPDATE 674 samples tested 11 new positive cases (All Kenyan) 208 total positive cases 15 new recoveries Total discharged and recovered stands at 40 1 fatality today Total fatalities stand at 9 #KomeshaCorona,177
239,2020-04-13 13:49:01+00:00,The Burial of CoVid-19 person in Siaya County has raised concerns and we are working with the county to address the issue; CS Mutahi #KomeshaCorona update ,18
240,2020-04-13 13:45:53+00:00,We appreciate Kenyans for their generosity to support CoVid-19 interventions; CS Health Mutahi Kagwe #KomeshaCorona update ,7
241,2020-04-12 12:00:33+00:00,We thank all Kenyans for their continued support and adherence to the COVID-19 mitigation measures that we have put in place. #KomeshaCorona update,29
242,2020-04-11 16:40:50+00:00,"The government is in discussion with the Chinese Embassy in both countries to ensure that Kenyans in China are protected and their rights are not violated because of COVID-19; Dr. Patrick Amoth, Ag. Director General, Health Services.. #KomeshaCorona update ",11
243,2020-04-11 13:17:53+00:00,"This weekend marks our 100 days since the first case of COVID-19 disease was reported. Globally we have been losing at least 1000 persons daily, the more reason why we should continue to observe the measures as advised by the Government. #KomeshaCorona virus update ",17
244,2020-04-11 07:05:26+00:00,"Information is power. Sensitization of Health workers at Dandu health centre, Mandera West, aimed at strengthening public health measures in prevention control & suppression of COVID-19. Social distancing is strictly observed. #KomeshaCorona update ",11
245,2020-04-10 13:42:33+00:00,"To address the challenge of disposing face masks, @MOH_Kenya together with the Ministry of Environment &amp; other Government agencies, have developed and circulated a protocol on COVID-19 waste management to the County Governments for operationalization. #KomeshaCorona update ",11
246,2020-04-10 13:18:16+00:00,"To date, over 100,000 healthcare workers have been given COVID-19 related training. Over 4000 doctors across the country have benefitted from an e-based training on the same. #KomeshaCorona update ",14
247,2020-04-10 12:48:22+00:00,“l am glad to note that 10 additional individuals will be discharged from our Mbagathi COVID-19 Isolation Facility today. The individuals have tested negative twice for COVID-19 disease. #KomeshaCorona update. ,35
248,2020-04-10 12:32:20+00:00,"To date, 1,619,073 have tested positive for the Covid 19 virus globally. Global deaths stand at 96,966. #KomeshaCorona update ",20
249,2020-04-10 08:55:33+00:00,"Sensitization of Muslim leaders on COVID-19 burial procedures at Muslim Primary school, Kanduyi subcounty, in Bungoma county. Raising awareness is a key strategy to stop the spread of COVID-19. Keep up the good work. #KomeshaCorona update ",22
250,2020-04-08 19:04:55+00:00,Kirinyaga county is sensitizing health care workers in Faith-Based Hospitals on COVID-19 &amp; also working with them to establish COVID-19 Management teams that will link-up with the County. #KomeshaCorona update ,9
251,2020-04-08 18:15:09+00:00,"Today the County Government of Vihiga launched various equipments including disinfectants, masks, detergents, mattresses beds to be used in the county quarantine sites to fight COVID-19 #KomeshaCorona update ",16
252,2020-04-07 14:30:42+00:00,We are pleased to inform you COVID-19 is manageable. We have discharged three 3 additional individuals from hospital. This brings to seven the total number of individuals discharged; CS Mutahi. #KomeshaCorona update ,17
253,2020-04-04 12:19:29+00:00,"COVID-19 UPDATE New cases :4 (3 Kenyans, 1 Pakistani national) Samples tested :372 Total cases :126 1866 in mandatory quarantine #KomeshaCorona",94
254,2020-04-03 03:43:04+00:00,Please visit http://www.health.go.ke/covid-19/ and https://www.youtube.com/watch?v=klm9yYktSE8 for the latest updates on COVID-19 in Kenya or call hotline 719 for help #KomeshaCorona ,11
255,2020-04-01 12:40:36+00:00,COVID-19 is spreading very first in our community. Today we have 22 new cases. Let us quarantine ourselves and stay home to protect each other; CS Mutahi. #KomeshaCorona update ,84
